recorte,participacao_%
Top 1,52.80536265924022
Top 5,64.49023344240267
Top 10,71.53571456836416
Demais municípios,28.464285431635844
