ano,internacoes,obitos,taxa_mortalidade
2021,215288,11727,5.447121994723347
2022,213892,7456,3.4858713743384513
2023,216155,7039,3.2564594850917166
2024,230844,7348,3.1831020082826496
2025,261018,7871,3.015500846684903
