faixa_etaria,taxa_mortalidade_media
Menor 1 ano,2.936
1 a 4 anos,0.674
5 a 9 anos,0.552
10 a 14 anos,0.6839999999999999
15 a 19 anos,0.40199999999999997
20 a 29 anos,0.6199999999999999
30 a 39 anos,1.362
40 a 49 anos,3.4479999999999995
50 a 59 anos,6.118
60 a 69 anos,8.824000000000002
70 a 79 anos,13.252
80 anos e mais,20.066
